"block","plot","experiment","treatment","effect_year","nr_lov","nr_gran","nr_staende_dodved","nr_tall","nr_all_alive","average_dbh_lov","average_dbh_gran","average_dbh_staende_dodved","average_dbh_tall","average_dbh_all_alive","sd_dbh_all_alive","nr_skarm","laser_median","tspr","perc_gran","perc_lov","perc_tall","perc_skarm","perc_dv","BA_gran","BA_lov","BA_tall","BA_dv","BA"
"halqved","plot_1","before","C",2019,18,117,14,23,158,11.3555555555556,11.3316239316239,8.12857142857143,14.7,11.8246835443038,3.85506014904062,976.150317630292,7,5,0.740506329113924,0.113924050632911,0.145569620253165,0.582278481012658,0.0813953488372093,12.5195558404558,1.93422962962965,4.141725,0.770859523809524,18.4100468881857
"halqved","plot_1","after","C",2019,NA,NA,NA,NA,NA,NA,NA,NA,NA,NA,NA,NA,6.04,NA,NA,NA,NA,NA,NA,NA,NA,NA,NA,NA
"sodersjon","plot_100","before","TC",2018,8,11,1,48,67,9.0875,22.2909090909091,8,26.2145833333333,23.5253731343284,8.72582970412143,933.708999472453,5.85,4,0.164179104477612,0.119402985074627,0.716417910447761,1.3134328358209,0.0147058823529412,4.55477575757576,0.550551041666667,27.488175173611,0.0533333333333333,30.9005776119404
"stocksatra","plot_104","before","C",2018,4,91,2,11,106,15.55,15.0120879120879,9.55,24.9,16.0584905660377,8.01240547585018,1273.23954473516,5.75,4,0.858490566037736,0.0377358490566038,0.10377358490566,1.13207547169811,0.0185185185185185,17.090011080586,0.806008333333333,5.683425,0.152004166666667,22.7789688679244
"stocksatra","plot_104","after","C",2018,NA,NA,NA,NA,NA,NA,NA,NA,NA,NA,NA,NA,7.25,NA,NA,NA,NA,NA,NA,NA,NA,NA,NA,NA
"tjaderleksmossen","plot_111","before","TC",2019,16,88,6,0,104,13.68125,14.2375,9.1,0,14.1519230769231,9.20321789195719,1931.07997618166,5.65,3,0.846153846153846,0.153846153846154,0,1.75,0.0545454545454545,14.8651364583333,2.49568802083333,0,0.41405,17.3573336538462
"tjaderleksmossen","plot_113","before","TC",2019,7,64,6,19,90,31.5857142857143,21.1953125,16.3833333333333,39.7105263157895,25.9122222222222,12.8179283482579,106.103295394597,14.75,3,0.711111111111111,0.0777777777777778,0.211111111111111,0.111111111111111,0.0625,23.9595345052083,5.81966785714286,24.9679934210527,1.34206805555555,50.358244537037
"tjaderleksmossen","plot_114","before","TC",2019,30,63,8,2,95,13.7366666666667,20,10.3625,37.65,18.3936842105263,12.5253344162797,2291.83118052329,4.5,4,0.663157894736842,0.315789473684211,0.0210526315789474,2.27368421052632,0.0776699029126214,21,4.7174002777778,2.3625375,0.715876041666667,26.7842698245614
"tjaderleksmossen","plot_115","before","TC",2019,13,59,3,0,72,10.2461538461538,21.8169491525424,7.9,0,19.7277777777778,13.3971746256411,2652.58238486492,5.3,5,0.819444444444444,0.180555555555556,0,3.47222222222222,0.04,23.4023141242938,1.13732307692307,0,0.156025,23.351112962963
"orsjon","plot_116","before","TC",2018,0,52,4,3,55,0,26.4057692307692,12.65,23.8333333333333,26.2654545454545,6.30118208139517,0,13.25,2,0.945454545454545,0,0.0545454545454545,0,0.0677966101694915,30.2148014423076,0,1.42006944444444,0.533408333333333,31.6192296969696
"sodersjon","plot_117","before","TC",2018,0,51,0,0,51,0,27.8313725490196,0,0,27.8313725490196,4.87161124048619,0,14.55,1,1,0,0,0,0,32.9198751633987,0,0,0,32.9198751633987
"stenby","plot_119","before","TC",2018,0,72,2,0,72,0,24.8125,16.9,0,24.8125,7.32195112725148,424.413181578388,7,1,1,0,0,0.555555555555556,0.027027027027027,36.939609375,0,0,0.476016666666667,36.939609375
"soderlejde","plot_12","before","URT",2018,15,13,8,59,87,11.7666666666667,13.4230769230769,8.45,15.871186440678,14.7977011494253,5.04297754910852,403.192522499468,12,4,0.149425287356322,0.172413793103448,0.67816091954023,0.436781609195402,0.0842105263157895,1.9519391025641,1.73068055555557,12.3848158192091,0.476016666666667,15.8754670498085
"soderlejde","plot_12","after","URT",2018,10,13,5,48,71,12.46,13.6153846153846,11.02,16.0958333333333,15.1295774647887,5.16132304096529,381.971863420549,14.6,4,0.183098591549296,0.140845070422535,0.676056338028169,0.507042253521127,0.0657894736842105,2.00826923076923,1.29376333333333,10.3630340277777,0.506001666666667,13.54349342723
"kyrkstigen","plot_122","before","TC",2018,0,2,0,43,45,0,5.7,0,29.0186046511628,27.9822222222222,7.03753859633818,254.647908947033,21.2,2,0.0444444444444444,0,0.955555555555556,0.533333333333333,0,0.05415,0,30.1745124031008,0,29.3626785185185
"stocksatra","plot_123","before","TC",2018,4,4,7,75,83,16.7,17.3,8.18571428571429,18.936,18.7493975903614,4.497543326544,233.427249868113,13.35,3,0.0481927710843374,0.0481927710843374,0.903614457831325,0.265060240963855,0.0777777777777778,0.997633333333334,0.929633333333333,22.410756,0.390867857142858,24.3148437751003
"tjaderleksmossen","plot_124","before","TC",2019,18,2,22,44,64,8.37777777777778,21.2,13.8636363636364,29.1,23.025,10.2788270592654,106.103295394597,24.35,3,0.03125,0.28125,0.6875,0.15625,0.255813953488372,0.749066666666667,1.05280740740741,31.0497,3.52367424242426,28.2747
"stocksatra","plot_125","before","TC",2018,3,5,1,69,77,14.0333333333333,10.82,7.7,18.6594202898551,17.9701298701299,4.33046323446085,233.427249868113,17.3,3,0.0649350649350649,0.038961038961039,0.896103896103896,0.285714285714286,0.0128205128205128,0.487801666666667,0.492336111111109,20.0200030193237,0.0494083333333333,20.7210572510823
"soderlejde","plot_13","before","T",2018,12,30,1,57,99,12.2166666666667,11.8966666666667,16.1,20.6315789473684,16.9646464646465,6.72533002196544,721.502408683259,6.9,3,0.303030303030303,0.121212121212121,0.575757575757576,0.686868686868687,0.01,3.53826694444446,1.49246944444445,20.218947368421,0.216008333333333,23.7434364478115
"soderlejde","plot_13","after","T",2018,7,7,1,39,53,11.7142857142857,15.0857142857143,6.7,21.4692307692308,19.3377358490566,6.20214684962127,233.427249868113,6.2,3,0.132075471698113,0.132075471698113,0.735849056603774,0.415094339622642,0.0185185185185185,1.32754285714286,0.800476190476188,14.9801557692308,0.0374083333333333,16.5160378930818
"soderlejde","plot_17","before","C",2018,4,18,2,45,67,13.075,14.2666666666667,11.65,21.6177777777778,19.1328358208955,6.58295291711861,742.723067762178,11.55,3,0.26865671641791,0.0597014925373134,0.671641791044776,1.04477611940298,0.0289855072463768,3.05306666666668,0.569852083333333,17.5248118518519,0.226204166666667,20.4386518656716
"soderlejde","plot_17","after","C",2018,NA,NA,NA,NA,NA,NA,NA,NA,NA,NA,NA,NA,13.7,NA,NA,NA,NA,NA,NA,NA,NA,NA,NA,NA
"soderlejde","plot_19","before","T",2018,8,1,1,58,67,11.8,18.5,5.6,18.9137931034483,18.0582089552239,5.79085353141856,42.4413181578388,13.4,3,0.0149253731343284,0.119402985074627,0.865671641791045,0.0597014925373134,0.0147058823529412,0.285208333333333,0.928266666666667,17.2903591954023,0.0261333333333333,18.2071891791045
"soderlejde","plot_19","after","T",2018,5,0,2,39,44,14.56,0,14.4,20.1,19.4704545454545,5.39231061253632,0,14.25,2,0,0.113636363636364,0.886363636363636,0,0.0434782608695652,0,0.883306666666667,13.130325,0.3456,13.9002820075757
"soderlejde","plot_20","before","C",2018,3,39,7,45,87,17.7,12.5051282051282,11.1142857142857,28.4288888888889,20.9206896551724,10.4458196593687,997.370976709211,6.35,4,0.448275862068966,0.0344827586206897,0.517241379310345,1.08045977011494,0.074468085106383,5.08229252136752,0.783225,30.3075646296296,0.720576190476189,31.7314560344827
"soderlejde","plot_20","after","C",2018,NA,NA,NA,NA,NA,NA,NA,NA,NA,NA,NA,NA,6.55,NA,NA,NA,NA,NA,NA,NA,NA,NA,NA,NA
"sigtuna","plot_201","before","TC",2018,0,10,1,50,60,0,10.24,12.1,22.728,20.6466666666667,9.48591224255455,466.854499736226,14.05,3,0.166666666666667,0,0.833333333333333,0.733333333333333,0.0163934426229508,0.873813333333333,0,21.523416,0.122008333333333,21.3142422222223
"sigtuna","plot_202","before","TC",2018,0,39,0,24,63,0,15.6589743589744,0,33.6125,22.4984126984127,11.457670934631,2313.05183960221,13.2,2,0.619047619047619,0,0.380952380952381,3.46031746031746,0,7.96911303418807,0,22.596003125,0,26.5743751322751
"sigtuna","plot_203","before","TC",2018,8,8,0,23,39,18.375,19.1625,0,34.5391304347826,28.0692307692308,13.8935265851281,551.737136051904,20.6,5,0.205128205128205,0.205128205128205,0.58974358974359,1.33333333333333,0,2.448009375,2.2509375,22.8649043478261,0,25.6061557692308
"sigtuna","plot_204","before","TC",2018,0,3,1,19,22,0,7.46666666666667,20.2,34.9421052631579,31.1954545454545,11.1982769623906,381.971863420549,27,2,0.136363636363636,0,0.863636363636364,1.63636363636364,0.0434782608695652,0.139377777777778,0,19.3317197368421,0.340033333333333,17.8412003787878
"sigtuna","plot_205","before","TC",2018,1,0,2,44,45,25.3,0,24.2,29.2545454545455,29.1666666666667,5.79584490663943,42.4413181578388,25.9,3,0,0.0222222222222222,0.977777777777778,0.0888888888888889,0.0425531914893617,0,0.533408333333333,31.3803757575759,0.976066666666667,31.9010416666667
"sigtuna","plot_206","before","TC",2018,1,21,0,28,50,5.4,9.12380952380952,0,33.225,22.546,14.1683494638794,2015.96261249734,12.5,3,0.42,0.02,0.56,3.8,0,1.45676825396825,0.0243,25.75768125,0,21.1800881666667
"sigtuna","plot_210","before","TC",2018,0,8,3,47,55,0,17.825,23.4,31.6446808510638,29.6345454545455,7.85406755155423,169.765272631355,21.3,2,0.145454545454545,0,0.854545454545454,0.290909090909091,0.0517241379310345,2.11820416666667,0,39.220944858156,1.3689,40.2511213636365
"sigtuna","plot_211","before","TC",2018,6,73,0,42,121,21.2666666666667,24.1150684931507,0,28.452380952381,25.4793388429752,9.61173689953566,1633.99074907679,16,3,0.603305785123967,0.0495867768595041,0.347107438016529,1.27272727272727,0,35.3768054794521,2.26135555555556,28.3338293650795,0,65.4606680440771
"soderlejde","plot_23","before","C",2018,1,11,4,58,70,15.1,15.0727272727273,12.375,20.5775862068966,19.6342857142857,5.87746582762209,318.309886183791,12,3,0.157142857142857,0.0142857142857143,0.828571428571429,0.428571428571429,0.0540540540540541,2.08254848484849,0.190008333333333,20.4661242816093,0.51046875,22.4878019047619
"soderlejde","plot_23","after","C",2018,NA,NA,NA,NA,NA,NA,NA,NA,NA,NA,NA,NA,11.9,NA,NA,NA,NA,NA,NA,NA,NA,NA,NA,NA
"soderlejde","plot_25","before","URT",2018,8,1,3,66,75,12.45,7.4,10.6333333333333,18.2818181818182,17.5146666666667,5.67309185287627,84.8826363156775,16.25,3,0.0133333333333333,0.106666666666667,0.88,0.106666666666667,0.0384615384615385,0.0456333333333334,1.03335,18.3823681818182,0.282669444444443,19.1727217777778
"soderlejde","plot_25","after","URT",2018,7,1,2,49,57,13.0285714285714,7.1,16.35,19.2244897959184,18.2508771929825,5.31672303770369,84.8826363156775,14.35,3,0.0175438596491228,0.12280701754386,0.859649122807018,0.140350877192982,0.0338983050847458,0.0420083333333333,0.990171428571424,15.091224489796,0.4455375,15.8219896198831
"soderlejde","plot_26","before","C",2018,64,24,1,6,94,13.8640625,17.4791666666667,6.2,17.2,15,7.48327166677181,594.178454209743,4,6,0.25531914893617,0.680851063829787,0.0638297872340425,0.595744680851064,0.0105263157894737,6.11042534722225,10.2513188802083,1.4792,0.0320333333333333,17.625
"soderlejde","plot_26","after","C",2018,NA,NA,NA,NA,NA,NA,NA,NA,NA,NA,NA,NA,3.15,NA,NA,NA,NA,NA,NA,NA,NA,NA,NA,NA
"soderlejde","plot_29","before","URT",2018,5,12,2,56,73,16.9,12.075,6.55,18.9410714285714,17.672602739726,5.46148789947424,445.633840657307,9.75,3,0.164383561643836,0.0684931506849315,0.767123287671233,0.575342465753425,0.0266666666666667,1.45805625,1.19004166666667,16.742328720238,0.0715041666666667,18.9995206621004
"soderlejde","plot_29","after","URT",2018,3,11,2,43,57,13.7,14.4818181818182,8.45,19.1883720930233,17.9912280701754,5.96023371730608,424.413181578388,9.55,3,0.192982456140351,0.0526315789473684,0.754385964912281,0.701754385964912,0.0338983050847458,1.92246136363637,0.469225,13.1936048449613,0.119004166666667,15.3750036549707
"sigtuna","plot_301","before","TC",2018,1,3,5,24,28,27.1,7.53333333333333,31.12,37.8541666666667,34.2214285714286,10.5934416169159,381.971863420549,21.05,3,0.107142857142857,0.0357142857142857,0.857142857142857,1.28571428571429,0.151515151515152,0.141877777777778,0.612008333333333,28.6587586805556,4.03522666666667,27.3258107142858
"soderlejde","plot_31","before","C",2018,6,15,7,73,94,10.25,11.4666666666667,9.25714285714286,18.5219178082192,16.868085106383,6.1745786981952,700.28174960434,7.25,4,0.159574468085106,0.0638297872340425,0.776595744680851,0.702127659574468,0.0693069306930693,1.64355555555557,0.5253125,20.869570890411,0.499885714285715,22.2883631205674
"soderlejde","plot_31","after","C",2018,NA,NA,NA,NA,NA,NA,NA,NA,NA,NA,NA,NA,6.65,NA,NA,NA,NA,NA,NA,NA,NA,NA,NA,NA
"halqved","plot_33","before","URT",2019,168,112,22,38,318,9.8922619047619,12.3973214285714,9.00909090909091,13.2973684210526,11.1814465408805,4.76346523609575,1888.63865802382,7.8,4,0.352201257861635,0.528301886792453,0.119496855345912,0.559748427672956,0.0647058823529412,14.3447340029761,13.6999583829365,5.59930021929822,1.48800151515152,33.1315578878407
"halqved","plot_33","after","URT",2019,51,29,17,16,96,12.3294117647059,14.8793103448276,10.2117647058824,15.75,13.6697916666667,4.50672292637208,381.971863420549,12.2,4,0.302083333333333,0.53125,0.166666666666667,0.375,0.150442477876106,5.35035201149426,6.4606117647059,3.3075,1.47730196078433,14.9490563368056
"halqved","plot_36","before","T",2019,31,145,5,12,188,10.7741935483871,12.64,10.4,12.7166666666667,12.3372340425532,4.19843322043218,1230.79822657732,3.65,4,0.771276595744681,0.164893617021277,0.0638297872340425,0.617021276595745,0.0259067357512953,19.3054933333333,2.99881720430108,1.61713611111112,0.450666666666667,23.8458171985816
"halqved","plot_36","after","T",2019,4,67,2,4,75,12.15,14.565671641791,9.7,12.55,14.3293333333333,3.83443760044569,403.192522499468,7.5,4,0.893333333333333,0.0533333333333333,0.0533333333333333,0.506666666666667,0.025974025974026,11.8455324626865,0.492075,0.525008333333333,0.156816666666667,12.8331121111111
"halqved","plot_37","before","T",2019,35,107,1,10,152,10.3685714285714,11.5532710280374,5.8,12.74,11.3585526315789,4.59001859897467,1761.31470355031,4.1,6,0.703947368421053,0.230263157894737,0.0657894736842105,1.09210526315789,0.0065359477124183,11.9017947040499,3.13562880952379,1.35256333333333,0.0280333333333333,16.3421175986841
"halqved","plot_37","after","T",2019,12,42,1,3,57,13.375,13.7880952380952,5.5,21.1,14.0859649122807,5.14314518129614,551.737136051904,12.5,4,0.736842105263158,0.210526315789474,0.0526315789473684,0.912280701754386,0.0172413793103448,6.65390496031742,1.78890625,1.113025,0.0252083333333333,9.42468435672514
"brudgatan","plot_38","before","URT",2018,30,50,4,21,101,15.2433333333333,14.142,11.2,20.3428571428571,15.7584158415842,6.14581593161938,679.06109052542,7.3,4,0.495049504950495,0.297029702970297,0.207920792079208,0.633663366336634,0.0380952380952381,8.3331735,5.80898027777775,7.24205714285711,0.418133333333333,20.9009122112212
"brudgatan","plot_38","after","URT",2018,20,25,1,15,60,16.725,17,15.4,20.8266666666667,17.865,5.67216889734429,466.854499736226,9.6,4,0.416666666666667,0.333333333333333,0.25,0.733333333333333,0.0163934426229508,6.02083333333333,4.66209375,5.42187555555557,0.197633333333333,15.95791125
"brudgatan","plot_39","before","T",2018,28,9,1,57,94,10.9607142857143,17.3888888888889,8.8,19.0035087719298,16.4531914893617,7.59136042786359,275.868568025952,7.9,4,0.0957446808510638,0.297872340425532,0.606382978723404,0.276595744680851,0.0105263157894737,2.26780092592593,2.80320267857144,17.1538339181286,0.0645333333333333,21.2054216312057
"brudgatan","plot_39","after","T",2018,10,4,0,31,45,13.37,17.325,0,21.3903225806452,19.2466666666667,7.0539995102714,84.8826363156775,11.95,4,0.0888888888888889,0.222222222222222,0.688888888888889,0.177777777777778,0,1.00051875,1.48964083333333,11.8199357526882,0,13.8912816666667
"halqved","plot_4","before","C",2019,15,137,18,51,203,12.98,12.178102189781,8.83333333333333,14.8019607843137,12.8965517241379,4.60465089151256,785.164385920017,5.85,4,0.67487684729064,0.0738916256157636,0.251231527093596,0.364532019704433,0.081447963800905,16.9316214111922,2.106005,9.31166683006533,1.17041666666667,28.1359770114941
"halqved","plot_4","after","C",2019,NA,NA,NA,NA,NA,NA,NA,NA,NA,NA,NA,NA,7.1,NA,NA,NA,NA,NA,NA,NA,NA,NA,NA,NA
"brudgatan","plot_42","before","URT",2018,8,19,3,48,75,14.4,12.9526315789474,8.56666666666667,19.175,17.0893333333333,6.72696416274435,615.399113288662,8.75,3,0.253333333333333,0.106666666666667,0.64,0.773333333333333,0.0384615384615385,2.65636885964914,1.3824,14.707225,0.183469444444445,18.252832111111
"brudgatan","plot_42","after","URT",2018,3,16,2,37,56,19.8666666666667,11.76875,10.3,20.0459459459459,17.6714285714286,7.21354065845399,530.516476972984,9.25,3,0.285714285714286,0.0535714285714286,0.660714285714286,0.892857142857143,0.0344827586206897,1.84671302083333,0.986711111111114,12.39006509009,0.176816666666667,14.5730380952381
"brudgatan","plot_45","before","C",2018,11,20,2,25,56,22.2090909090909,17.705,6.15,23.048,20.975,7.38177731739697,657.840431446501,9,4,0.357142857142857,0.196428571428571,0.446428571428571,1.10714285714286,0.0344827586206897,5.22445041666667,4.52140075757575,11.0668813333333,0.0630375,20.5310291666667
"brudgatan","plot_45","after","C",2018,NA,NA,NA,NA,NA,NA,NA,NA,NA,NA,NA,NA,10.9,NA,NA,NA,NA,NA,NA,NA,NA,NA,NA,NA
"stocksatra","plot_46","before","URT",2018,4,17,1,48,69,20.475,17.8705882352941,13.3,25.1854166666667,23.1101449275362,6.6790749827911,530.516476972984,14.9,3,0.246376811594203,0.0579710144927536,0.695652173913043,0.72463768115942,0.0142857142857143,4.52423725490195,1.39741875,25.3722085069445,0.147408333333333,30.7095309178743
"stocksatra","plot_46","after","URT",2018,3,21,0,29,53,19.7333333333333,19.1428571428571,0,25.8620689655172,22.8528301886792,7.23465494827567,551.737136051904,16.65,3,0.39622641509434,0.0566037735849057,0.547169811320755,0.981132075471698,0,6.41285714285712,0.973511111111108,16.1637931034482,0,23.0661232704402
"stocksatra","plot_49","before","T",2018,1,41,1,33,75,9.1,17.5585365853659,11.6,23.0363636363636,19.856,6.277442240362,657.840431446501,16.35,3,0.546666666666667,0.0133333333333333,0.44,0.826666666666667,0.0131578947368421,10.5336587398375,0.0690083333333333,14.5935363636363,0.112133333333333,24.641296
"stocksatra","plot_49","after","T",2018,0,15,1,19,34,0,20.3933333333333,26.4,24.4157894736842,22.6411764705882,4.93626761510298,275.868568025952,20.65,2,0.441176470588235,0,0.558823529411765,0.764705882352941,0.0285714285714286,5.19860055555554,0,9.43873728070175,0.5808,14.5243147058823
"soderlejde","plot_5","before","URT",2018,21,26,6,30,77,14.6142857142857,16.4538461538462,14.7333333333333,19.77,17.2441558441558,6.22301529355457,509.295817894065,15.2,3,0.337662337662338,0.272727272727273,0.38961038961039,0.623376623376623,0.072289156626506,5.86579615384619,3.73760357142856,9.7713225,1.08535555555555,19.0806584415583
"soderlejde","plot_5","after","URT",2018,13,19,0,19,51,14.3384615384615,17,0,21.8578947368421,18.1313725490196,6.78980088650848,403.192522499468,15.2,3,0.372549019607843,0.254901960784314,0.372549019607843,0.745098039215686,0,4.57583333333333,2.22724102564101,7.56465307017543,0,13.971733496732
"kyrkstigen","plot_50","before","T",2018,4,13,2,38,55,10.375,18.2538461538462,21.15,28.5710526315789,24.8090909090909,8.02044315593025,339.53054526271,13,4,0.236363636363636,0.0727272727272727,0.690909090909091,0.581818181818182,0.0350877192982456,3.6096980769231,0.358802083333333,25.849659868421,0.7455375,28.2100037878788
"kyrkstigen","plot_50","after","T",2018,2,3,0,24,29,13.15,19.8,0,29.9458333333333,27.7379310344828,7.31482905732807,190.985931710274,19.55,4,0.103448275862069,0.0689655172413793,0.827586206896552,0.620689655172414,0,0.9801,0.288204166666667,17.9350586805555,0,18.593659770115
"kyrkstigen","plot_52","before","C",2018,18,24,5,61,103,11.9388888888889,13.6166666666667,11.82,22.6262295081967,18.6592233009709,7.22603458761529,700.28174960434,10,3,0.233009708737864,0.174757281553398,0.592233009708738,0.640776699029126,0.0462962962962963,3.70827222222224,2.13805601851852,26.0239349726776,0.582135,29.88430105178
"kyrkstigen","plot_52","after","C",2018,14,19,6,47,80,12.3428571428571,12.6947368421053,11.8833333333333,23.5978723404255,19.03875,7.57912679499977,551.737136051904,8.35,3,0.2375,0.175,0.5875,0.65,0.0697674418604651,2.55164210526317,1.77737142857142,21.8103335106382,0.706068055555552,24.1649334375
"kyrkstigen","plot_53","before","URT",2018,22,28,0,16,66,20.5545454545455,16.95,0,26.81875,20.5439393939394,7.75874947869781,1464.22547644544,11.3,3,0.424242424242424,0.333333333333333,0.242424242424242,2.09090909090909,0,6.703725,7.74563787878791,9.58993802083334,0,23.212939520202
"kyrkstigen","plot_53","after","URT",2018,16,31,1,17,64,22.6875,16.3709677419355,13.3,25.4235294117647,20.3546875,7.99763714485683,1294.46020381408,18.05,3,0.484375,0.25,0.265625,1.90625,0.0153846153846154,6.9235551075269,6.86296875,9.15670784313725,0.147408333333333,22.0967095052083
"kyrkstigen","plot_55","before","T",2018,107,55,5,37,199,9.75607476635514,13.3290909090909,9.1,17.927027027027,12.2628140703518,5.85770873609919,1443.00481736652,6.25,3,0.276381909547739,0.537688442211055,0.185929648241206,0.683417085427136,0.0245098039215686,8.14296378787878,8.48697204049844,9.90916418918916,0.345041666666667,24.937454313233
"kyrkstigen","plot_55","after","T",2018,41,18,1,19,78,11.0975609756098,19.2333333333333,10,21.2473684210526,15.4474358974359,7.46341247738096,509.295817894065,15.05,3,0.230769230769231,0.525641025641026,0.243589743589744,0.615384615384615,0.0126582278481013,5.54881666666665,4.20782520325207,7.1479688596491,0.0833333333333333,15.5105129273504
"kyrkstigen","plot_56","before","URT",2018,20,37,3,16,73,11.95,19.3837837837838,10,26.75625,18.9630136986301,8.44135828408943,530.516476972984,10.95,4,0.506849315068493,0.273972602739726,0.219178082191781,0.684931506849315,0.0394736842105263,11.5850414414415,2.38004166666667,9.5452921875,0.25,21.8754165525113
"kyrkstigen","plot_56","after","URT",2018,9,31,2,13,53,13.2222222222222,19.641935483871,19.45,28.3461538461538,20.6867924528302,8.32840454145305,530.516476972984,14.3,3,0.584905660377358,0.169811320754717,0.245283018867925,0.943396226415094,0.0363636363636364,9.96664543010756,1.3112037037037,8.70463141025638,0.630504166666667,18.9008327044025
"kyrkstigen","plot_58","before","C",2018,29,18,4,58,105,9.17931034482759,13.6555555555556,10.025,20.1862068965517,16.0266666666667,7.48288131808282,657.840431446501,9,4,0.171428571428571,0.276190476190476,0.552380952380952,0.59047619047619,0.036697247706422,2.79711296296298,2.03627701149425,19.6950091954022,0.335002083333333,22.474728888889
"kyrkstigen","plot_58","after","C",2018,NA,NA,NA,NA,NA,NA,NA,NA,NA,NA,NA,NA,9.35,NA,NA,NA,NA,NA,NA,NA,NA,NA,NA,NA
"halqved","plot_6","before","T",2019,39,21,10,72,132,13.0897435897436,10.852380952381,7.48,13.4305555555556,12.919696969697,6.78600310016217,785.164385920017,5.45,5,0.159090909090909,0.295454545454545,0.545454545454545,0.560606060606061,0.0704225352112676,2.06104801587303,5.56859508547009,10.8227893518519,0.466253333333333,18.3610426767678
"halqved","plot_6","after","T",2019,11,10,3,32,53,14.8909090909091,13.86,13.2333333333333,16.365625,15.5867924528302,8.03710237049324,254.647908947033,8.1,4,0.188679245283019,0.207547169811321,0.60377358490566,0.452830188679245,0.0535714285714286,1.60083,2.03260909090909,7.14223151041667,0.437802777777776,10.7302077044025
"kyrkstigen","plot_60","before","T",2018,4,61,9,7,72,14.95,20.0688524590164,13.7111111111111,23.2571428571429,20.0944444444444,6.72066162254561,106.103295394597,12.7,3,0.847222222222222,0.0555555555555556,0.0972222222222222,0.138888888888889,0.111111111111111,20.4735743169399,0.745008333333333,3.15521904761906,1.40995925925926,24.2272018518517
"kyrkstigen","plot_60","after","T",2018,1,42,1,3,46,13.3,21.8333333333333,19.2,27.5666666666667,22.0217391304348,6.07698437799825,84.8826363156775,13.5,3,0.91304347826087,0.0217391304347826,0.0652173913043478,0.173913043478261,0.0212765957446809,16.6843055555555,0.147408333333333,1.89980277777778,0.3072,18.5900181159421
"halsingdal","plot_61","before","C",2018,14,33,9,1,48,11.5285714285714,25.8121212121212,11.0777777777778,12.4,21.3666666666667,9.98275818563726,891.267681314614,4.25,4,0.6875,0.291666666666667,0.0208333333333333,1.75,0.157894736842105,18.322304040404,1.55059285714285,0.128133333333333,0.920378703703707,18.2613777777778
"halsingdal","plot_61","after","C",2018,NA,NA,NA,NA,NA,NA,NA,NA,NA,NA,NA,NA,7.2,NA,NA,NA,NA,NA,NA,NA,NA,NA,NA,NA
"halsingdal","plot_62","before","URT",2018,4,49,3,6,59,16.75,19.6244897959184,20.8666666666667,29.9833333333333,20.4830508474576,8.22326708591758,763.943726841098,11.5,3,0.830508474576271,0.0677966101694915,0.101694915254237,1.22033898305085,0.0483870967741935,15.7257578231293,0.935208333333334,4.49500138888888,1.08854444444445,20.6281391242937
"halsingdal","plot_62","after","URT",2018,2,34,3,5,41,18.9,19.8294117647059,21.1,30.08,21.0341463414634,8.84371555840919,530.516476972984,9.95,3,0.829268292682927,0.0487804878048781,0.121951219512195,1.21951219512195,0.0681818181818182,11.1408245098039,0.59535,3.77002666666667,1.113025,15.1165398373984
"halsingdal","plot_64","before","URT",2018,7,39,3,43,89,15.3714285714286,11.2871794871795,9.33333333333333,22.7441860465116,17.1438202247191,7.0668553353631,976.150317630292,7,3,0.438202247191011,0.0786516853932584,0.48314606741573,1.03370786516854,0.0326086956521739,4.14051367521369,1.37830476190477,18.5365116279069,0.217777777777778,21.7983674157303
"halsingdal","plot_64","after","URT",2018,6,20,0,25,51,15.8166666666667,11.49,0,25.508,18.8705882352941,8.72424882996002,594.178454209743,12.05,3,0.392156862745098,0.117647058823529,0.490196078431373,1.09803921568627,0,2.200335,1.25083472222223,13.5553763333333,0,15.1342117647059
"halsingdal","plot_65","before","T",2018,0,20,2,61,81,0,12.215,11.3,21.5098360655738,19.2148148148148,6.40203309721043,572.957795130823,13.35,2,0.246913580246914,0,0.753086419753086,0.666666666666667,0.0240963855421687,2.48677041666667,0,23.5192132513662,0.212816666666667,24.9216148148148
"halsingdal","plot_65","after","T",2018,1,7,1,44,52,13.9,16.3714285714286,14.2,22.4863636363636,21.4980769230769,4.84077818993629,84.8826363156775,24.4,3,0.134615384615385,0.0192307692307692,0.846153846153846,0.153846153846154,0.0188679245283019,1.56347142857143,0.161008333333333,18.5400068181818,0.168033333333333,20.0272501602564
"halsingdal","plot_66","before","C",2018,3,2,1,38,43,19.7333333333333,28.95,30.5,23.5605263157895,23.5441860465116,5.69784012234467,572.957795130823,13.75,3,0.0465116279069767,0.0697674418604651,0.883720930232558,1.25581395348837,0.0227272727272727,1.3968375,0.973511111111108,17.578116008772,0.775208333333333,19.8634449612403
"halsingdal","plot_66","after","C",2018,NA,NA,NA,NA,NA,NA,NA,NA,NA,NA,NA,NA,15.05,NA,NA,NA,NA,NA,NA,NA,NA,NA,NA,NA
"halsingdal","plot_67","before","URT",2018,5,10,3,52,67,12.22,18.13,10.2333333333333,24.025,22.2641791044776,6.90488850748286,636.619772367581,9,3,0.149253731343284,0.0746268656716418,0.776119402985075,0.895522388059702,0.0428571428571429,2.73914083333333,0.622201666666667,25.0120270833333,0.261802777777776,27.6762299751243
"halsingdal","plot_67","after","URT",2018,0,9,1,28,37,0,18.4444444444444,10.3,25.2642857142857,23.6054054054054,7.55299594516956,360.751204341629,10.7,2,0.243243243243243,0,0.756756756756757,0.918918918918919,0.0263157894736842,2.55148148148147,0,14.8932964285714,0.0884083333333334,17.1808009009009
"halsingdal","plot_68","before","T",2018,17,35,0,16,68,17.5235294117647,25.8171428571429,0,20.7375,22.5485294117647,8.57308340091953,763.943726841098,7,3,0.514705882352941,0.25,0.235294117647059,1.05882352941176,0,19.4403085714286,4.35021617647059,5.73391875,0,28.8113834558823
"halsingdal","plot_68","after","T",2018,8,24,3,10,42,19.1125,27.2958333333333,9.2,20.84,24.2,8.51369055282539,509.295817894065,7.6,3,0.571428571428571,0.19047619047619,0.238095238095238,1.14285714285714,0.0666666666666667,14.9012503472222,2.43525104166667,3.61921333333333,0.2116,20.4974
"halsingdal","plot_69","before","T",2018,24,18,1,10,52,18.0041666666667,21.7388888888889,14.8,25.64,20.7653846153846,7.07732874763576,424.413181578388,17.9,4,0.346153846153846,0.461538461538462,0.192307692307692,0.769230769230769,0.0188679245283019,7.08868935185186,6.48300034722225,5.47841333333333,0.182533333333333,18.6853852564102
"halsingdal","plot_69","after","T",2018,18,10,0,8,36,18.65,24.17,0,24.65,21.5166666666667,6.89092571015369,212.206590789194,20.45,4,0.277777777777778,0.5,0.222222222222222,0.555555555555556,0,4.86824083333333,5.2173375,4.05081666666667,0,13.8890083333334
"stenby","plot_71","before","TC",2018,7,8,4,50,65,15.9857142857143,18.5,5.95,25.02,23.2446153846154,6.58430972960603,275.868568025952,8,4,0.123076923076923,0.107692307692308,0.769230769230769,0.4,0.0579710144927536,2.28166666666667,1.49066785714286,26.08335,0.118008333333333,29.2669078205129
"stenby","plot_71","after","TC",2018,NA,NA,NA,NA,NA,NA,NA,NA,NA,NA,NA,NA,5.55,NA,NA,NA,NA,NA,NA,NA,NA,NA,NA,NA
"stenby","plot_72","before","TC",2018,15,23,0,26,64,21.2533333333333,18.4913043478261,0,24.7115384615385,21.665625,8.47349216347336,997.370976709211,10.75,5,0.359375,0.234375,0.40625,1.46875,0,6.55362644927537,5.6463022222222,13.2309695512821,0,25.0346296875
"stenby","plot_72","after","TC",2018,NA,NA,NA,NA,NA,NA,NA,NA,NA,NA,NA,NA,6.95,NA,NA,NA,NA,NA,NA,NA,NA,NA,NA,NA
"orsjon","plot_73","before","T",2019,16,25,4,2,43,14.5625,27.76,15.825,28.2,22.8697674418605,10.8070861868216,466.854499736226,11.3,3,0.581395348837209,0.372093023255814,0.0465116279069767,1.02325581395349,0.0851063829787234,16.0545333333333,2.82755208333333,1.3254,0.83476875,18.7417744186047
"orsjon","plot_73","after","T",2019,8,17,2,2,27,15,31.0352941176471,19.95,28.45,26.0925925925926,10.4870222335816,424.413181578388,14.1,3,0.62962962962963,0.296296296296296,0.0740740740740741,1.48148148148148,0.0689655172413793,13.6451843137255,1.5,1.34900416666667,0.6633375,15.3185262345679
"orsjon","plot_74","before","C",2019,23,25,1,10,58,21.5304347826087,24.312,17.5,29.34,24.0758620689655,8.78160578259991,530.516476972984,6.45,4,0.431034482758621,0.396551724137931,0.172413793103448,0.862068965517241,0.0169491525423729,12.314028,8.88489275362319,7.17363,0.255208333333333,28.0162781609195
"orsjon","plot_74","after","C",2019,22,24,1,10,56,21.8681818181818,23.1416666666667,15.7,28.97,23.6821428571429,8.70596675521203,657.840431446501,5.8,4,0.428571428571429,0.392857142857143,0.178571428571429,1.10714285714286,0.0175438596491228,10.7107347222223,8.76731856060605,6.99384083333333,0.205408333333333,26.1727148809525
"orsjon","plot_75","before","URT",2019,22,32,1,15,69,18.6909090909091,22.340625,12.3,30.2466666666667,22.895652173913,10.0874767261574,997.370976709211,7.75,4,0.463768115942029,0.318840579710145,0.217391304347826,1.36231884057971,0.0142857142857143,13.30942734375,6.40475151515152,11.4357605555556,0.126075,30.1421260869564
"orsjon","plot_75","after","URT",2019,14,22,1,12,48,24.85,20.9727272727273,11.2,27.7583333333333,23.8,9.4301463177656,700.28174960434,16.2,4,0.458333333333333,0.291666666666667,0.25,1.375,0.0204081632653061,8.06401363636366,7.20442916666667,7.70525069444443,0.104533333333333,22.6576
"orsjon","plot_79","before","T",2019,4,7,3,53,64,13.125,12.0285714285714,14.5333333333333,23.6433962264151,21.715625,6.92449571254224,700.28174960434,6.5,3,0.109375,0.0625,0.828125,1.03125,0.0447761194029851,0.844004761904758,0.57421875,24.689616509434,0.528044444444442,25.1503130208333
"orsjon","plot_79","after","T",2019,5,2,1,34,41,12.34,5.95,21.1,23.4970588235294,21.280487804878,7.13334492058933,403.192522499468,13.55,3,0.0487804878048781,0.121951219512195,0.829268292682927,0.926829268292683,0.0238095238095238,0.0590041666666667,0.634481666666667,15.6431669117647,0.371008333333333,15.47268800813
"halqved","plot_8","before","URT",2019,66,150,7,5,221,12.3151515151515,10.6566666666667,8.58571428571429,14.1,11.2298642533937,4.22831521139846,2610.14106670708,5.55,4,0.678733031674208,0.298642533936652,0.0226244343891403,1.1131221719457,0.0307017543859649,14.1955680555556,8.34146262626261,0.828375,0.430001190476191,23.2252309200605
"halqved","plot_8","after","URT",2019,19,65,1,4,88,13.9736842105263,12.3323076923077,9.6,15.275,12.8204545454545,4.34649175722344,1061.03295394597,7.95,4,0.738636363636364,0.215909090909091,0.0454545454545455,1.13636363636364,0.0112359550561798,8.23798153846155,3.09167763157894,0.777752083333333,0.0768,12.0533640151514
"kilsjon","plot_83","before","C",2019,7,37,8,29,73,7.95714285714286,26.4675675675676,10.05,14.8758620689655,20.0876712328767,10.2657459706957,424.413181578388,7.75,3,0.506849315068493,0.0958904109589041,0.397260273972603,0.547945205479452,0.0987654320987654,21.5997407657658,0.369344047619048,5.34787241379309,0.67335,24.5471342465753
"kilsjon","plot_83","after","C",2019,NA,NA,NA,NA,NA,NA,NA,NA,NA,NA,NA,NA,9.25,NA,NA,NA,NA,NA,NA,NA,NA,NA,NA,NA
"kilsjon","plot_85","before","URT",2019,0,14,2,83,97,0,14.8357142857143,9,16.9168674698795,16.6164948453608,4.88688040429788,381.971863420549,11.15,3,0.144329896907216,0,0.855670103092783,0.371134020618557,0.0202020202020202,2.56781488095239,0,19.7941446787148,0.135,22.3187219931271
"kilsjon","plot_85","after","URT",2019,1,8,0,56,65,5.1,16.25,0,18.2107142857143,17.7676923076923,5.22936742387128,212.206590789194,16.8,3,0.123076923076923,0.0153846153846154,0.861538461538462,0.307692307692308,0,1.76041666666667,0.021675,15.4760720238095,0,17.0999232051282
"kilsjon","plot_87","before","C",2019,1,7,4,48,56,9,14.4428571428571,6.775,21.725,20.5875,5.94373811058939,148.544613552436,14.9,3,0.125,0.0178571428571429,0.857142857142857,0.25,0.0666666666666667,1.21681071428571,0.0675,18.879025,0.153002083333333,19.779440625
"kilsjon","plot_87","after","C",2019,0,0,0,3,3,0,0,0,25.4,25.4,5.39258750508511,0,15.25,1,0,0,1,0,0,0,0,1.6129,0,1.6129
"kilsjon","plot_88","before","T",2019,20,26,0,66,112,12.26,13.9653846153846,0,16.5242424242424,15.16875,5.56273040822532,1061.03295394597,13.4,4,0.232142857142857,0.178571428571429,0.589285714285714,0.892857142857143,0,4.22569262820512,2.50512666666667,15.0177823232323,0,21.4751578125
"kilsjon","plot_88","after","T",2019,21,21,0,50,92,12.1714285714286,11.6047619047619,0,16.968,14.6489130434783,5.34887262570178,1124.69493118273,22.4,4,0.228260869565217,0.228260869565217,0.543478260869565,1.15217391304348,0,2.35673373015873,2.5925142857143,11.996376,0,16.4519500905798
"sodersjon","plot_89","before","TC",2018,8,5,2,39,52,8.325,7.62,20.8,26.4358974358974,21.8403846153846,9.46819774173636,721.502408683259,20,4,0.0961538461538462,0.153846153846154,0.75,1.30769230769231,0.037037037037037,0.241935,0.4620375,22.7128418803418,0.721066666666667,20.6701040064102
"sodersjon","plot_90","before","TC",2018,0,30,0,25,55,0,26.1266666666667,0,31.932,28.7654545454545,7.36863267334907,1358.12218105084,15,2,0.545454545454545,0,0.454545454545455,2.32727272727273,0,17.0650677777778,0,21.242763,0,37.9248546969696
"sodersjon","plot_91","before","TC",2018,0,55,4,12,67,0,21.7272727272727,18.225,31.125,23.410447761194,9.46155113057432,933.708999472453,7,2,0.82089552238806,0,0.17910447761194,1.3134328358209,0.0563380281690141,21.6367424242424,0,9.68765625,1.10716875,30.5994060945273
"sodersjon","plot_94","before","TC",2018,11,11,1,33,55,10.2818181818182,13.7181818181818,13.9,26.1878787878788,20.5127272727273,9.43578795205224,785.164385920017,6.5,4,0.2,0.2,0.6,1.34545454545455,0.0178571428571429,1.72506136363636,0.969061363636367,18.8596373737374,0.161008333333333,19.2853824242425
"sodersjon","plot_95","before","TC",2018,0,13,2,39,52,0,11.6,12.15,30.8333333333333,26.025,10.8451828106343,1697.65272631355,12.5,2,0.25,0,0.75,3.07692307692308,0.037037037037037,1.45773333333333,0,30.8975694444444,0.2460375,29.34969375
"sodersjon","plot_98","before","TC",2018,3,17,4,48,68,8.23333333333333,18.7705882352941,19.35,28.0833333333333,24.8794117647059,8.61807470315228,1358.12218105084,16.5,4,0.25,0.0441176470588235,0.705882352941177,1.88235294117647,0.0555555555555556,4.99141225490195,0.169469444444444,31.5469444444444,1.248075,35.0758240196079
"sodersjon","plot_99","before","TC",2018,5,10,0,34,49,17.68,17.72,0,28.5470588235294,25.2285714285714,9.70927391724016,954.929658551372,9.5,4,0.204081632653061,0.102040816326531,0.693877551020408,1.83673469387755,0,2.61665333333333,1.30242666666667,23.089812745098,0,25.9896333333333
"halqved","plot_1","difference","C",2019,NA,NA,NA,NA,NA,NA,NA,NA,NA,NA,NA,NA,-0.96,NA,NA,NA,NA,NA,NA,NA,NA,NA,NA,NA
"stocksatra","plot_104","difference","C",2018,NA,NA,NA,NA,NA,NA,NA,NA,NA,NA,NA,NA,1.5,NA,NA,NA,NA,NA,NA,NA,NA,NA,NA,NA
"soderlejde","plot_12","difference","URT",2018,-5,0,-3,-11,-16,0.693333333333301,0.192307692307701,2.57,0.224646892655299,0.331876315363399,0.11834549185677,-21.2206590789194,2.6,0,0.0336733041929739,-0.0315687226809131,-0.00210458151206083,0.0702606443257244,-0.0184210526315789,0.0563301282051303,-0.436917222222232,-2.02178179143136,0.0299849999999999,-2.33197362257847
"soderlejde","plot_13","difference","T",2018,-5,-23,0,-18,-46,-0.502380952381001,3.1890476190476,-9.4,0.837651821862401,2.3730893844101,-0.52318317234417,-488.075158815146,-0.7,0,-0.17095483133219,0.010863350485992,0.160091480846198,-0.271774347246045,0.00851851851851852,-2.2107240873016,-0.691993253968264,-5.2387915991902,-0.1786,-7.22739855472979
"soderlejde","plot_17","difference","C",2018,NA,NA,NA,NA,NA,NA,NA,NA,NA,NA,NA,NA,2.15,NA,NA,NA,NA,NA,NA,NA,NA,NA,NA,NA
"soderlejde","plot_19","difference","T",2018,-3,-1,1,-19,-23,2.76,-18.5,8.8,1.1862068965517,1.4122455902306,-0.39854291888224,-42.4413181578388,0.85,-1,-0.0149253731343284,-0.00576662143826323,0.0206919945725916,-0.0597014925373134,0.028772378516624,-0.285208333333333,-0.0449600000000002,-4.16003419540233,0.319466666666667,-4.30690717152882
"soderlejde","plot_20","difference","C",2018,NA,NA,NA,NA,NA,NA,NA,NA,NA,NA,NA,NA,0.2,NA,NA,NA,NA,NA,NA,NA,NA,NA,NA,NA
"soderlejde","plot_23","difference","C",2018,NA,NA,NA,NA,NA,NA,NA,NA,NA,NA,NA,NA,-0.0999999999999996,NA,NA,NA,NA,NA,NA,NA,NA,NA,NA,NA
"soderlejde","plot_25","difference","URT",2018,-1,0,-1,-17,-18,0.578571428571401,-0.300000000000001,5.7166666666667,0.942671614100203,0.736210526315801,-0.356368815172581,0,-1.9,0,0.00421052631578947,0.016140350877193,-0.0203508771929825,0.0336842105263158,-0.0045632333767927,-0.00362500000000002,-0.0431785714285757,-3.29114369202225,0.162868055555557,-3.35073215789473
"soderlejde","plot_26","difference","C",2018,NA,NA,NA,NA,NA,NA,NA,NA,NA,NA,NA,NA,-0.85,NA,NA,NA,NA,NA,NA,NA,NA,NA,NA,NA
"soderlejde","plot_29","difference","URT",2018,-2,-1,0,-13,-16,-3.2,2.4068181818182,1.9,0.247300664451899,0.3186253304494,0.49874581783184,-21.2206590789194,-0.199999999999999,0,0.0285988944965153,-0.0158615717375631,-0.0127373227589521,0.126411920211488,0.00723163841807909,0.464405113636369,-0.720816666666667,-3.54872387527675,0.0475,-3.6245170071297
"soderlejde","plot_31","difference","C",2018,NA,NA,NA,NA,NA,NA,NA,NA,NA,NA,NA,NA,-0.6,NA,NA,NA,NA,NA,NA,NA,NA,NA,NA,NA
"halqved","plot_33","difference","URT",2019,-117,-83,-5,-22,-222,2.437149859944,2.4819889162562,1.20267379679149,2.4526315789474,2.4883451257862,-0.25674230972367,-1506.66679460328,4.4,0,-0.0501179245283019,0.00294811320754718,0.0471698113207547,-0.184748427672956,0.085736595523165,-8.99438199148186,-7.2393466182306,-2.29180021929822,-0.0106995543671879,-18.182501551035
"halqved","plot_36","difference","T",2019,-27,-78,-3,-8,-113,1.3758064516129,1.925671641791,-0.700000000000001,-0.1666666666667,1.9920992907801,-0.36399561998649,-827.605704077856,3.85,0,0.122056737588652,-0.111560283687943,-0.0104964539007092,-0.110354609929078,6.72902227306406e-05,-7.45996087064684,-2.50674220430108,-1.09212777777779,-0.29385,-11.0127050874705
"halqved","plot_37","difference","T",2019,-23,-65,0,-7,-95,3.0064285714286,2.2348242100578,-0.3,8.36,2.7274122807018,0.553126582321471,-1209.5775674984,8.4,-2,0.0328947368421052,-0.0197368421052632,-0.0131578947368421,-0.179824561403509,0.0107054315979265,-5.24788974373245,-1.34672255952379,-0.239538333333333,-0.00282499999999999,-6.91743324195894
"brudgatan","plot_38","difference","URT",2018,-10,-25,-3,-6,-41,1.4816666666667,2.858,4.2,0.483809523809601,2.1065841584158,-0.47364703427509,-212.206590789194,2.3,0,-0.0783828382838284,0.0363036303630363,0.0420792079207921,0.0996699669966996,-0.0217017954722873,-2.31234016666666,-1.14688652777775,-1.82018158730154,-0.2205,-4.94300096122124
"brudgatan","plot_39","difference","T",2018,-18,-5,-1,-26,-49,2.4092857142857,-0.0638888888889007,-8.8,2.3868138087154,2.793475177305,-0.537360917592189,-190.985931710274,4.05,0,-0.00685579196217494,-0.0756501182033097,0.0825059101654846,-0.0988179669030733,-0.0105263157894737,-1.26728217592593,-1.3135618452381,-5.33389816544039,-0.0645333333333333,-7.31413996453895
"halqved","plot_4","difference","C",2019,NA,NA,NA,NA,NA,NA,NA,NA,NA,NA,NA,NA,1.25,NA,NA,NA,NA,NA,NA,NA,NA,NA,NA,NA
"brudgatan","plot_42","difference","URT",2018,-5,-3,-1,-11,-19,5.4666666666667,-1.1838815789474,1.73333333333333,0.870945945945898,0.582095238095299,0.48657649570964,-84.8826363156776,0.5,0,0.0323809523809523,-0.0530952380952381,0.0207142857142857,0.11952380952381,-0.00397877984084881,-0.809655838815803,-0.395688888888886,-2.31715990990997,-0.00665277777777787,-3.6797940158729
"brudgatan","plot_45","difference","C",2018,NA,NA,NA,NA,NA,NA,NA,NA,NA,NA,NA,NA,1.9,NA,NA,NA,NA,NA,NA,NA,NA,NA,NA,NA
"stocksatra","plot_46","difference","URT",2018,-1,4,-1,-19,-16,-0.741666666666703,1.272268907563,-13.3,0.676652298850499,-0.257314738857001,0.55557996548457,21.2206590789194,1.75,0,0.149849603500137,-0.00136724090784796,-0.148482362592289,0.256494394312278,-0.0142857142857143,1.88861988795516,-0.423907638888892,-9.20841540349629,-0.147408333333333,-7.64340764743415
"stocksatra","plot_49","difference","T",2018,-1,-26,0,-14,-41,-9.1,2.8347967479674,14.8,1.3794258373206,2.7851764705882,-1.34117462525902,-381.971863420549,4.3,-1,-0.105490196078431,-0.0133333333333333,0.118823529411765,-0.0619607843137255,0.0154135338345865,-5.33505818428192,-0.0690083333333333,-5.15479908293457,0.468666666666667,-10.1169812941177
"soderlejde","plot_5","difference","URT",2018,-8,-7,-6,-11,-26,-0.2758241758242,0.5461538461538,-14.7333333333333,2.0878947368421,0.8872167048638,0.566785592953909,-106.103295394597,0,0,0.0348866819455055,-0.017825311942959,-0.0170613700025465,0.121721415839063,-0.072289156626506,-1.28996282051285,-1.51036254578755,-2.20666942982457,-1.08535555555555,-5.10892494482633
"kyrkstigen","plot_50","difference","T",2018,-2,-10,-2,-14,-26,2.775,1.5461538461538,-21.15,1.3747807017544,2.9288401253919,-0.70561409860218,-148.544613552436,6.55,0,-0.132915360501567,-0.00376175548589341,0.136677115987461,0.038871473354232,-0.0350877192982456,-2.6295980769231,-0.0705979166666666,-7.91460118786546,-0.7455375,-9.61634401776377
"kyrkstigen","plot_52","difference","C",2018,-4,-5,1,-14,-23,0.4039682539682,-0.921929824561399,0.0633333333333006,0.971642832228799,0.3795266990291,0.35309220738448,-148.544613552436,-1.65,0,0.0044902912621359,0.000242718446601925,-0.0047330097087378,0.00922330097087376,0.0234711455641688,-1.15663011695907,-0.360684589947106,-4.21360146203931,0.123933055555552,-5.71936761428001
"kyrkstigen","plot_53","difference","URT",2018,-6,3,1,1,-2,2.1329545454545,-0.579032258064498,13.3,-1.3952205882353,-0.189251893939399,0.23888766615902,-169.765272631355,6.75,0,0.0601325757575757,-0.0833333333333333,0.0232007575757576,-0.184659090909091,0.0153846153846154,0.219830107526898,-0.882669128787912,-0.433230177696084,0.147408333333333,-1.1162300149937
"kyrkstigen","plot_55","difference","T",2018,-66,-37,-4,-18,-121,1.34148620925466,5.9042424242424,0.9,3.3203413940256,3.1846218270841,1.60570374128177,-933.708999472453,8.8,0,-0.0456126787785079,-0.0120474165700296,0.0576600953485376,-0.0680324700425202,-0.0118515760734674,-2.59414712121213,-4.27914683724638,-2.76119532954006,-0.261708333333333,-9.42694138588256
"kyrkstigen","plot_56","difference","URT",2018,-11,-6,-1,-3,-20,1.2722222222222,0.258151700087197,9.45,1.5899038461538,1.7237787542001,-0.11295374263638,0,3.35,-1,0.0780563453088653,-0.104161281985009,0.0261049366761437,0.258464719565779,-0.00311004784688995,-1.61839601133391,-1.06883796296297,-0.840660777243622,0.380504166666667,-2.9745838481088
"kyrkstigen","plot_58","difference","C",2018,NA,NA,NA,NA,NA,NA,NA,NA,NA,NA,NA,NA,0.35,NA,NA,NA,NA,NA,NA,NA,NA,NA,NA,NA
"halqved","plot_6","difference","T",2019,-28,-11,-7,-40,-79,1.8011655011655,3.007619047619,5.7533333333333,2.9350694444444,2.6670954831332,1.25109927033107,-530.516476972984,2.65,-1,0.0295883361921098,-0.0879073756432247,0.0583190394511149,-0.107775871926815,-0.016851106639839,-0.460218015873034,-3.535985994561,-3.68055784143526,-0.0284505555555579,-7.63083497236523
"kyrkstigen","plot_60","difference","T",2018,-3,-19,-8,-4,-26,-1.65,1.7644808743169,5.4888888888889,4.3095238095238,1.9272946859904,-0.64367724454736,-21.2206590789194,0.800000000000001,0,0.0658212560386473,-0.0338164251207729,-0.0320048309178744,0.035024154589372,-0.0898345153664303,-3.78926876138441,-0.5976,-1.25541626984128,-1.10275925925926,-5.63718373590968
"halsingdal","plot_61","difference","C",2018,NA,NA,NA,NA,NA,NA,NA,NA,NA,NA,NA,NA,2.95,NA,NA,NA,NA,NA,NA,NA,NA,NA,NA,NA
"halsingdal","plot_62","difference","URT",2018,-2,-15,0,-1,-18,2.15,0.204921968787499,0.233333333333302,0.0966666666666995,0.5510954940058,0.62044847249161,-233.427249868113,-1.55,0,-0.00124018189334441,-0.0190161223646135,0.0202563042579578,-0.000826787928896344,0.0197947214076246,-4.58493331332537,-0.339858333333334,-0.724974722222214,0.0244805555555525,-5.51159928689539
"halsingdal","plot_64","difference","URT",2018,-1,-19,-3,-18,-38,0.4452380952381,0.2028205128205,-9.33333333333333,2.7638139534884,1.726768010575,1.65739349459692,-381.971863420549,5.05,0,-0.0460453844459132,0.038995373430271,0.00705001101564218,0.0643313505177352,-0.0326086956521739,-1.94017867521368,-0.127470039682539,-4.9811352945736,-0.217777777777778,-6.66415565102448
"halsingdal","plot_65","difference","T",2018,1,-13,-1,-17,-29,13.9,4.1564285714286,2.9,0.976527570789798,2.2832621082621,-1.56125490727414,-488.075158815146,11.05,1,-0.112298195631529,0.0192307692307692,0.0930674264007597,-0.512820512820513,-0.00522846101386679,-0.923298988095233,0.161008333333333,-4.97920643318443,-0.0447833333333334,-4.89436465455842
"halsingdal","plot_66","difference","C",2018,NA,NA,NA,NA,NA,NA,NA,NA,NA,NA,NA,NA,1.3,NA,NA,NA,NA,NA,NA,NA,NA,NA,NA,NA
"halsingdal","plot_67","difference","URT",2018,-5,-1,-2,-24,-30,-12.22,0.314444444444401,0.0666666666667002,1.2392857142857,1.3412263009278,0.6481074376867,-275.868568025952,1.7,-1,0.0939895118999597,-0.0746268656716418,-0.0193626462283178,0.0233965308592174,-0.0165413533834586,-0.187659351851864,-0.622201666666667,-10.1187306547619,-0.173394444444443,-10.4954290742235
"halsingdal","plot_68","difference","T",2018,-9,-11,3,-6,-26,1.5889705882353,1.4786904761904,9.2,0.102499999999999,1.6514705882353,-0.0593928480941397,-254.647908947033,0.6,0,0.0567226890756303,-0.0595238095238095,0.00280112044817926,0.0840336134453781,0.0666666666666667,-4.53905822420645,-1.91496513480392,-2.11470541666667,0.2116,-8.31398345588234
"halsingdal","plot_69","difference","T",2018,-6,-8,-1,-2,-16,0.6458333333333,2.4311111111111,-14.8,-0.990000000000002,0.7512820512821,-0.18640303748207,-212.206590789194,2.55,0,-0.0683760683760684,0.0384615384615384,0.0299145299145299,-0.213675213675214,-0.0188679245283019,-2.22044851851852,-1.26566284722225,-1.42759666666667,-0.182533333333333,-4.79637692307686
"stenby","plot_71","difference","TC",2018,NA,NA,NA,NA,NA,NA,NA,NA,NA,NA,NA,NA,-2.45,NA,NA,NA,NA,NA,NA,NA,NA,NA,NA,NA
"stenby","plot_72","difference","TC",2018,NA,NA,NA,NA,NA,NA,NA,NA,NA,NA,NA,NA,-3.8,NA,NA,NA,NA,NA,NA,NA,NA,NA,NA,NA
"orsjon","plot_73","difference","T",2019,-8,-8,-2,0,-16,0.4375,3.2752941176471,4.125,0.25,3.2228251507321,-0.32006395324,-42.4413181578388,2.8,0,0.0482342807924203,-0.0757967269595177,0.0275624461670973,0.458225667527993,-0.0161408657373441,-2.40934901960781,-1.32755208333333,0.0236041666666666,-0.17143125,-3.4232481840368
"orsjon","plot_74","difference","C",2019,-1,-1,0,0,-2,0.337747035573098,-1.1703333333333,-1.8,-0.370000000000001,-0.393719211822599,-0.0756390273878793,127.323954473516,-0.65,0,-0.00246305418719212,-0.0036945812807882,0.00615763546798029,0.245073891625616,0.000594707106749925,-1.60329327777774,-0.117574193017147,-0.179789166666667,-0.0498,-1.84356327996703
"orsjon","plot_75","difference","URT",2019,-8,-10,0,-3,-21,6.1590909090909,-1.3678977272727,-1.1,-2.4883333333334,0.904347826087001,-0.6573304083918,-297.089227104871,8.45,0,-0.00543478260869568,-0.0271739130434782,0.0326086956521739,0.0126811594202898,0.00612244897959184,-5.24541370738634,0.799677651515147,-3.73050986111116,-0.0215416666666667,-7.48452608695641
"orsjon","plot_79","difference","T",2019,1,-5,-2,-19,-23,-0.785,-6.0785714285714,6.5666666666667,-0.146337402885699,-0.435137195122,0.208849208047091,-297.089227104871,7.05,0,-0.0605945121951219,0.0594512195121951,0.00114329268292679,-0.104420731707317,-0.0209665955934613,-0.785000595238091,0.0602629166666667,-9.04644959766929,-0.157036111111109,-9.67762501270332
"halqved","plot_8","difference","URT",2019,-47,-85,-6,-1,-133,1.6585326953748,1.675641025641,1.01428571428571,1.175,1.5905902920608,0.11817654582498,-1549.10811276111,2.4,0,0.0599033319621555,-0.0827334430275607,0.0228301110654052,0.0232414644179351,-0.0194657993297851,-5.9575865170941,-5.24978499468367,-0.0506229166666666,-0.353201190476191,-11.171866904909
"kilsjon","plot_83","difference","C",2019,NA,NA,NA,NA,NA,NA,NA,NA,NA,NA,NA,NA,1.5,NA,NA,NA,NA,NA,NA,NA,NA,NA,NA,NA
"kilsjon","plot_85","difference","URT",2019,1,-6,-2,-27,-32,5.1,1.4142857142857,-9,1.2938468158348,1.1511974623315,0.3424870195734,-169.765272631355,5.65,0,-0.0212529738302934,0.0153846153846154,0.00586835844567812,-0.063441712926249,-0.0202020202020202,-0.807398214285719,0.021675,-4.31807265490527,-0.135,-5.2187987879989
"kilsjon","plot_87","difference","C",2019,-1,-7,-4,-45,-53,-9,-14.4428571428571,-6.775,3.675,4.8125,-0.551150605504279,-148.544613552436,0.35,-2,-0.125,-0.0178571428571429,0.142857142857143,-0.25,-0.0666666666666667,-1.21681071428571,-0.0675,-17.266125,-0.153002083333333,-18.166540625
"kilsjon","plot_88","difference","T",2019,1,-5,0,-16,-20,-0.0885714285714005,-2.3606227106227,0,0.443757575757601,-0.519836956521699,-0.21385778252354,63.6619772367583,9,0,-0.00388198757763977,0.0496894409937888,-0.0458074534161491,0.259316770186335,0,-1.86895889804639,0.0873876190476306,-3.02140632323228,0,-5.0232077219202
